-- Insertar datos en CategoriasUsuarios
INSERT INTO CategoriasUsuarios (nombre, descripcion, max_prestamos, dias_prestamo) VALUES
('Infantil', 'Usuarios menores de 12 años', 2, 7),
('Juvenil', 'Usuarios entre 12 y 18 años', 3, 10),
('Adulto', 'Usuarios mayores de 18 años', 5, 14),
('Docente', 'Profesores y educadores', 10, 21),
('Investigador', 'Investigadores académicos', 15, 30),
('VIP', 'Socios premium de la biblioteca', 8, 21),
('Nuevo', 'Usuarios recién registrados', 2, 7),
('Tercera Edad', 'Usuarios mayores de 65 años', 4, 14),
('Estudiante', 'Estudiantes universitarios', 6, 14),
('Discapacitado', 'Usuarios con necesidades especiales', 5, 21),
('Corporativo', 'Empresas asociadas', 10, 14),
('Visitante', 'Usuarios temporales', 1, 3),
('Bibliotecario', 'Personal de la biblioteca', 20, 30),
('Autor', 'Autores registrados', 10, 21),
('Benefactor', 'Patrocinadores de la biblioteca', 15, 30);


-- Insertar 100 usuarios
INSERT INTO Usuarios (dpi, nombre, apellido, email, telefono, direccion, fecha_nacimiento, fecha_registro, activo) VALUES
('1234567890101', 'Juan', 'Pérez', 'juan.perez@email.com', '12345678', 'Calle 123, Zona 1', '1985-05-15', '2020-01-10', TRUE),
('2345678901012', 'María', 'Gómez', 'maria.gomez@email.com', '23456789', 'Avenida 456, Zona 2', '1990-08-20', '2020-02-15', TRUE),
('3456789010123', 'Carlos', 'López', 'carlos.lopez@email.com', '34567890', 'Boulevard 789, Zona 3', '1978-03-25', '2020-03-20', TRUE),
('4567890101234', 'Ana', 'Martínez', 'ana.martinez@email.com', '45678901', 'Calle 1011, Zona 4', '1995-11-12', '2020-04-25', TRUE),
('5678901012345', 'Luis', 'Rodríguez', 'luis.rodriguez@email.com', '56789012', 'Avenida 1213, Zona 5', '1982-07-30', '2020-05-30', TRUE),
('6789010123456', 'Sofía', 'Hernández', 'sofia.hernandez@email.com', '67890123', 'Boulevard 1415, Zona 6', '1998-09-05', '2020-06-05', TRUE),
('7890101234567', 'Pedro', 'García', 'pedro.garcia@email.com', '78901234', 'Calle 1617, Zona 7', '1975-12-18', '2020-07-10', TRUE),
('8901012345678', 'Laura', 'Fernández', 'laura.fernandez@email.com', '89012345', 'Avenida 1819, Zona 8', '1988-04-22', '2020-08-15', TRUE),
('9010123456789', 'Jorge', 'Díaz', 'jorge.diaz@email.com', '90123456', 'Boulevard 2021, Zona 9', '1993-06-08', '2020-09-20', TRUE),
('0101234567890', 'Carmen', 'Sánchez', 'carmen.sanchez@email.com', '01234567', 'Calle 2223, Zona 10', '1980-10-14', '2020-10-25', TRUE),
('1111111111111', 'Miguel', 'Ramírez', 'miguel.ramirez@email.com', '11111111', 'Calle 111, Zona 11', '1991-01-11', '2021-01-11', TRUE),
('2222222222220', 'Elena', 'Castro', 'elena.castro@email.com', '22222222', 'Avenida 222, Zona 12', '1986-02-12', '2021-02-12', TRUE),
('3333333333330', 'Roberto', 'Vargas', 'roberto.vargas@email.com', '33333333', 'Boulevard 333, Zona 13', '1979-03-13', '2021-03-13', TRUE),
('4444444444440', 'Patricia', 'Reyes', 'patricia.reyes@email.com', '44444444', 'Calle 444, Zona 14', '1994-04-14', '2021-04-14', TRUE),
('5555555555550', 'Fernando', 'Morales', 'fernando.morales@email.com', '55555555', 'Avenida 555, Zona 15', '1983-05-15', '2021-05-15', TRUE),
('6666666666660', 'Gabriela', 'Ortega', 'gabriela.ortega@email.com', '66666666', 'Boulevard 666, Zona 16', '1997-06-16', '2021-06-16', TRUE),
('7777777777770', 'Ricardo', 'Juárez', 'ricardo.juarez@email.com', '77777777', 'Calle 777, Zona 17', '1976-07-17', '2021-07-17', TRUE),
('8888888888880', 'Diana', 'Mendoza', 'diana.mendoza@email.com', '88888888', 'Avenida 888, Zona 18', '1989-08-18', '2021-08-18', TRUE),
('9999999999990', 'Alejandro', 'Guerrero', 'alejandro.guerrero@email.com', '99999999', 'Boulevard 999, Zona 19', '1992-09-19', '2021-09-19', TRUE),
('1010101010101', 'Lucía', 'Paredes', 'lucia.paredes@email.com', '10101010', 'Calle 1010, Zona 20', '1981-10-20', '2021-10-20', TRUE),
('1212121212121', 'Raúl', 'Silva', 'raul.silva@email.com', '12121212', 'Avenida 1212, Zona 21', '1996-11-21', '2021-11-21', TRUE),
('1313131313131', 'Verónica', 'Rojas', 'veronica.rojas@email.com', '13131313', 'Boulevard 1313, Zona 22', '1977-12-22', '2021-12-22', TRUE),
('1414141414141', 'Héctor', 'Miranda', 'hector.miranda@email.com', '14141414', 'Calle 1414, Zona 23', '1984-01-23', '2022-01-23', TRUE),
('1515151515151', 'Adriana', 'Cordero', 'adriana.cordero@email.com', '15151515', 'Avenida 1515, Zona 24', '1999-02-24', '2022-02-24', TRUE),
('1616161616161', 'Francisco', 'Navarro', 'francisco.navarro@email.com', '16161616', 'Boulevard 1616, Zona 25', '1974-03-25', '2022-03-25', TRUE),
('1717171717171', 'Isabel', 'Campos', 'isabel.campos@email.com', '17171717', 'Calle 1717, Zona 26', '1987-04-26', '2022-04-26', TRUE),
('1818181818181', 'Oscar', 'Salazar', 'oscar.salazar@email.com', '18181818', 'Avenida 1818, Zona 27', '1990-05-27', '2022-05-27', TRUE),
('1919191919191', 'Teresa', 'Vega', 'teresa.vega@email.com', '19191919', 'Boulevard 1919, Zona 28', '1973-06-28', '2022-06-28', TRUE),
('2020202020202', 'Arturo', 'Cervantes', 'arturo.cervantes@email.com', '20202020', 'Calle 2020, Zona 29', '1988-07-29', '2022-07-29', TRUE),
('2121212121212', 'Silvia', 'Valdez', 'silvia.valdez@email.com', '21212121', 'Avenida 2121, Zona 30', '1993-08-30', '2022-08-30', TRUE),
('2222222222222', 'Mario', 'Benítez', 'mario.benitez@email.com', '22222222', 'Calle 2222, Zona 31', '1985-09-15', '2022-09-15', TRUE),
('2323232323232', 'Claudia', 'Acosta', 'claudia.acosta@email.com', '23232323', 'Avenida 2323, Zona 32', '1990-10-20', '2022-10-20', TRUE),
('2424242424242', 'Felipe', 'Mejía', 'felipe.mejia@email.com', '24242424', 'Boulevard 2424, Zona 33', '1978-11-25', '2022-11-25', TRUE),
('2525252525252', 'Gloria', 'Rosales', 'gloria.rosales@email.com', '25252525', 'Calle 2525, Zona 34', '1995-12-12', '2022-12-12', TRUE),
('2626262626262', 'Ernesto', 'Delgado', 'ernesto.delgado@email.com', '26262626', 'Avenida 2626, Zona 35', '1982-01-30', '2023-01-30', TRUE),
('2727272727272', 'Norma', 'Castañeda', 'norma.castaneda@email.com', '27272727', 'Boulevard 2727, Zona 36', '1998-02-05', '2023-02-05', TRUE),
('2828282828282', 'Sergio', 'Gallegos', 'sergio.gallegos@email.com', '28282828', 'Calle 2828, Zona 37', '1975-03-18', '2023-03-18', TRUE),
('2929292929292', 'Beatriz', 'Montes', 'beatriz.montes@email.com', '29292929', 'Avenida 2929, Zona 38', '1988-04-22', '2023-04-22', TRUE),
('3030303030303', 'Rodrigo', 'Ríos', 'rodrigo.rios@email.com', '30303030', 'Boulevard 3030, Zona 39', '1993-05-08', '2023-05-08', TRUE),
('3131313131313', 'Alicia', 'Valencia', 'alicia.valencia@email.com', '31313131', 'Calle 3131, Zona 40', '1980-06-14', '2023-06-14', TRUE),
('3232323232323', 'Hugo', 'Maldonado', 'hugo.maldonado@email.com', '32323232', 'Avenida 3232, Zona 41', '1991-07-11', '2023-07-11', TRUE),
('3333333333333', 'Rosa', 'Carrillo', 'rosa.carrillo@email.com', '33333333', 'Boulevard 3333, Zona 42', '1986-08-12', '2023-08-12', TRUE),
('3434343434343', 'Alberto', 'Espinoza', 'alberto.espinoza@email.com', '34343434', 'Calle 3434, Zona 43', '1979-09-13', '2023-09-13', TRUE),
('3535353535353', 'Lourdes', 'Aguirre', 'lourdes.aguirre@email.com', '35353535', 'Avenida 3535, Zona 44', '1994-10-14', '2023-10-14', TRUE),
('3636363636363', 'Javier', 'Ponce', 'javier.ponce@email.com', '36363636', 'Boulevard 3636, Zona 45', '1983-11-15', '2023-11-15', TRUE),
('3737373737373', 'Mariana', 'Santillán', 'mariana.santillan@email.com', '37373737', 'Calle 3737, Zona 46', '1997-12-16', '2023-12-16', TRUE),
('3838383838383', 'Gerardo', 'Barrios', 'gerardo.barrios@email.com', '38383838', 'Avenida 3838, Zona 47', '1976-01-17', '2024-01-17', TRUE),
('3939393939393', 'Daniela', 'Zúñiga', 'daniela.zuniga@email.com', '39393939', 'Boulevard 3939, Zona 48', '1989-02-18', '2024-02-18', TRUE),
('4040404040404', 'Manuel', 'Lara', 'manuel.lara@email.com', '40404040', 'Calle 4040, Zona 49', '1992-03-19', '2024-03-19', TRUE),
('4141414141414', 'Paulina', 'Miranda', 'paulina.miranda@email.com', '41414141', 'Avenida 4141, Zona 50', '1981-04-20', '2024-04-20', TRUE),
('4242424242424', 'Enrique', 'Soto', 'enrique.soto@email.com', '42424242', 'Boulevard 4242, Zona 51', '1995-05-21', '2024-05-21', TRUE),
('4343434343434', 'Leticia', 'Fuentes', 'leticia.fuentes@email.com', '43434343', 'Calle 4343, Zona 52', '1984-06-22', '2024-06-22', TRUE),
('4444444444444', 'Alfonso', 'Medina', 'alfonso.medina@email.com', '44444444', 'Avenida 4444, Zona 53', '1977-07-23', '2024-07-23', TRUE),
('4545454545454', 'Renata', 'Cisneros', 'renata.cisneros@email.com', '45454545', 'Boulevard 4545, Zona 54', '1990-08-24', '2024-08-24', TRUE),
('4646464646464', 'Guillermo', 'Rangel', 'guillermo.rangel@email.com', '46464646', 'Calle 4646, Zona 55', '1983-09-25', '2024-09-25', TRUE),
('4747474747474', 'Natalia', 'Orozco', 'natalia.orozco@email.com', '47474747', 'Avenida 4747, Zona 56', '1996-10-26', '2024-10-26', TRUE),
('4848484848484', 'Eduardo', 'Pacheco', 'eduardo.pacheco@email.com', '48484848', 'Boulevard 4848, Zona 57', '1979-11-27', '2024-11-27', TRUE),
('4949494949494', 'Ximena', 'Villanueva', 'ximena.villanueva@email.com', '49494949', 'Calle 4949, Zona 58', '1982-12-28', '2024-12-28', TRUE),
('5050505050505', 'José', 'Zamora', 'jose.zamora@email.com', '50505050', 'Avenida 5050, Zona 59', '1991-01-29', '2025-01-29', TRUE),
('5151515151515', 'Valeria', 'Espinosa', 'valeria.espinosa@email.com', '51515151', 'Boulevard 5151, Zona 60', '1986-02-01', '2025-02-01', TRUE),
('5252525252525', 'Andrés', 'Luna', 'andres.luna@email.com', '52525252', 'Calle 5252, Zona 61', '1979-03-02', '2025-03-02', TRUE),
('5353535353535', 'Dulce', 'Méndez', 'dulce.mendez@email.com', '53535353', 'Avenida 5353, Zona 62', '1994-04-03', '2025-04-03', TRUE),
('5454545454545', 'Federico', 'Cervantes', 'federico.cervantes@email.com', '54545454', 'Boulevard 5454, Zona 63', '1983-05-04', '2025-05-04', TRUE),
('5555555555555', 'Brenda', 'Rivas', 'brenda.rivas@email.com', '55555555', 'Calle 5555, Zona 64', '1998-06-05', '2025-06-05', TRUE),
('5656565656565', 'Leonardo', 'Camacho', 'leonardo.camacho@email.com', '56565656', 'Avenida 5656, Zona 65', '1975-07-06', '2025-07-06', TRUE),
('5757575757575', 'Yolanda', 'Valenzuela', 'yolanda.valenzuela@email.com', '57575757', 'Boulevard 5757, Zona 66', '1988-08-07', '2025-08-07', TRUE),
('5858585858585', 'César', 'Lozano', 'cesar.lozano@email.com', '58585858', 'Calle 5858, Zona 67', '1993-09-08', '2025-09-08', TRUE),
('5959595959595', 'Irene', 'Galván', 'irene.galvan@email.com', '59595959', 'Avenida 5959, Zona 68', '1980-10-09', '2025-10-09', TRUE),
('6060606060606', 'Rogelio', 'Vázquez', 'rogelio.vazquez@email.com', '60606060', 'Boulevard 6060, Zona 69', '1995-11-10', '2025-11-10', TRUE),
('6161616161616', 'Estela', 'Quintero', 'estela.quintero@email.com', '61616161', 'Calle 6161, Zona 70', '1984-12-11', '2025-12-11', TRUE),
('6262626262626', 'Salvador', 'Aguayo', 'salvador.aguayo@email.com', '62626262', 'Avenida 6262, Zona 71', '1977-01-12', '2026-01-12', TRUE),
('6363636363636', 'Mónica', 'Barragán', 'monica.barragan@email.com', '63636363', 'Boulevard 6363, Zona 72', '1990-02-13', '2026-02-13', TRUE),
('6464646464646', 'Raúl', 'Castañón', 'raul.castanon@email.com', '64646464', 'Calle 6464, Zona 73', '1983-03-14', '2026-03-14', TRUE),
('6565656565656', 'Liliana', 'Del Río', 'liliana.delrio@email.com', '65656565', 'Avenida 6565, Zona 74', '1996-04-15', '2026-04-15', TRUE),
('6666666666666', 'Felipe', 'Escalante', 'felipe.escalante@email.com', '66666666', 'Boulevard 6666, Zona 75', '1979-05-16', '2026-05-16', TRUE),
('6767676767676', 'Adela', 'Fierro', 'adela.fierro@email.com', '67676767', 'Calle 6767, Zona 76', '1982-06-17', '2026-06-17', TRUE),
('6868686868686', 'Gustavo', 'Gámez', 'gustavo.gamez@email.com', '68686868', 'Avenida 6868, Zona 77', '1991-07-18', '2026-07-18', TRUE),
('6969696969696', 'Clara', 'Hinojosa', 'clara.hinojosa@email.com', '69696969', 'Boulevard 6969, Zona 78', '1986-08-19', '2026-08-19', TRUE),
('7070707070707', 'Humberto', 'Infante', 'humberto.infante@email.com', '70707070', 'Calle 7070, Zona 79', '1979-09-20', '2026-09-20', TRUE),
('7171717171717', 'Olivia', 'Jiménez', 'olivia.jimenez@email.com', '71717171', 'Avenida 7171, Zona 80', '1994-10-21', '2026-10-21', TRUE),
('7272727272727', 'Pablo', 'Kuri', 'pablo.kuri@email.com', '72727272', 'Boulevard 7272, Zona 81', '1983-11-22', '2026-11-22', TRUE),
('7373737373737', 'Rebeca', 'Leyva', 'rebeca.leyva@email.com', '73737373', 'Calle 7373, Zona 82', '1998-12-23', '2026-12-23', TRUE),
('7474747474747', 'Santiago', 'Magaña', 'santiago.magana@email.com', '74747474', 'Avenida 7474, Zona 83', '1975-01-24', '2027-01-24', TRUE),
('7575757575755', 'Tania', 'Nájera', 'tania.najera@email.com', '75757575', 'Boulevard 7575, Zona 84', '1988-02-25', '2027-02-25', TRUE),
('7676767676767', 'Uriel', 'Olea', 'uriel.olea@email.com', '76767676', 'Calle 7676, Zona 85', '1993-03-26', '2027-03-26', TRUE),
('7777777777777', 'Victoria', 'Prado', 'victoria.prado@email.com', '77777777', 'Avenida 7777, Zona 86', '1980-04-27', '2027-04-27', TRUE),
('7878787878787', 'Walter', 'Quezada', 'walter.quezada@email.com', '78787878', 'Boulevard 7878, Zona 87', '1995-05-28', '2027-05-28', TRUE),
('7979797979797', 'Xóchitl', 'Reyes', 'xochitl.reyes@email.com', '79797979', 'Calle 7979, Zona 88', '1984-06-29', '2027-06-29', TRUE),
('8080808080808', 'Yahir', 'Solís', 'yahir.solis@email.com', '80808080', 'Avenida 8080, Zona 89', '1977-07-30', '2027-07-30', TRUE),
('8181818181818', 'Zulema', 'Tapia', 'zulema.tapia@email.com', '81818181', 'Boulevard 8181, Zona 90', '1990-08-31', '2027-08-31', TRUE),
('8282828282828', 'Ángel', 'Uribe', 'angel.uribe@email.com', '82828282', 'Calle 8282, Zona 91', '1983-09-01', '2027-09-01', TRUE),
('8383838383838', 'Berenice', 'Vega', 'berenice.vega@email.com', '83838383', 'Avenida 8383, Zona 92', '1996-10-02', '2027-10-02', TRUE),
('8484848484848', 'Cristóbal', 'Wong', 'cristobal.wong@email.com', '84848484', 'Boulevard 8484, Zona 93', '1979-11-03', '2027-11-03', TRUE),
('8585858585858', 'Dalia', 'Xolalpa', 'dalia.xolalpa@email.com', '85858585', 'Calle 8585, Zona 94', '1982-12-04', '2027-12-04', TRUE),
('8686868686868', 'Efraín', 'Yáñez', 'efrain.yanez@email.com', '86868686', 'Avenida 8686, Zona 95', '1991-01-05', '2028-01-05', TRUE),
('8787878787878', 'Flor', 'Zavala', 'flor.zavala@email.com', '87878787', 'Boulevard 8787, Zona 96', '1986-02-06', '2028-02-06', TRUE),
('8888888888888', 'Gerardo', 'Acuña', 'gerardo.acuna@email.com', '88888888', 'Calle 8888, Zona 97', '1979-03-07', '2028-03-07', TRUE),
('8989898989898', 'Helena', 'Bustos', 'helena.bustos@email.com', '89898989', 'Avenida 8989, Zona 98', '1994-04-08', '2028-04-08', TRUE),
('9090909090909', 'Ignacio', 'Carrasco', 'ignacio.carrasco@email.com', '90909090', 'Boulevard 9090, Zona 99', '1983-05-09', '2028-05-09', TRUE),
('9191919191919', 'Julieta', 'Duarte', 'julieta.duarte@email.com', '91919191', 'Calle 9191, Zona 100', '1998-06-10', '2028-06-10', TRUE);


-- Asignar categorías a usuarios
INSERT INTO UsuarioCategorias (usuario_id, categoria_id) VALUES
(1, 3), (2, 3), (3, 3), (4, 2), (5, 3), (6, 2), (7, 3), (8, 3), (9, 3), (10, 3),
(11, 4), (12, 3), (13, 3), (14, 3), (15, 3), (16, 2), (17, 3), (18, 3), (19, 3), (20, 3),
(21, 5), (22, 3), (23, 3), (24, 3), (25, 3), (26, 3), (27, 3), (28, 3), (29, 3), (30, 3),
(31, 6), (32, 3), (33, 3), (34, 3), (35, 3), (36, 3), (37, 3), (38, 3), (39, 3), (40, 3),
(41, 7), (42, 3), (43, 3), (44, 3), (45, 3), (46, 3), (47, 3), (48, 3), (49, 3), (50, 3),
(51, 8), (52, 3), (53, 3), (54, 3), (55, 3), (56, 3), (57, 3), (58, 3), (59, 3), (60, 3),
(61, 9), (62, 3), (63, 3), (64, 3), (65, 3), (66, 3), (67, 3), (68, 3), (69, 3), (70, 3),
(71, 10), (72, 3), (73, 3), (74, 3), (75, 3), (76, 3), (77, 3), (78, 3), (79, 3), (80, 3),
(81, 11), (82, 3), (83, 3), (84, 3), (85, 3), (86, 3), (87, 3), (88, 3), (89, 3), (90, 3),
(91, 12), (92, 3), (93, 3), (94, 3), (95, 3), (96, 3), (97, 3), (98, 3), (99, 3), (100, 13);

-- Insertar datos en Autores
INSERT INTO Autores (nombre, apellido, fecha_nacimiento, nacionalidad, biografia) VALUES
('Gabriel', 'García Márquez', '1927-03-06', 'Colombiano', 'Premio Nobel de Literatura en 1982, autor de Cien años de soledad.'),
('Mario', 'Vargas Llosa', '1936-03-28', 'Peruano', 'Premio Nobel de Literatura en 2010, autor de La ciudad y los perros.'),
('Isabel', 'Allende', '1942-08-02', 'Chilena', 'Autora de La casa de los espíritus, una de las escritoras más leídas en español.'),
('Julio', 'Cortázar', '1914-08-26', 'Argentino', 'Autor de Rayuela, figura clave del boom latinoamericano.'),
('Pablo', 'Neruda', '1904-07-12', 'Chileno', 'Premio Nobel de Literatura en 1971, poeta de fama mundial.'),
('Jorge Luis', 'Borges', '1899-08-24', 'Argentino', 'Maestro del cuento y ensayo, autor de Ficciones.'),
('Octavio', 'Paz', '1914-03-31', 'Mexicano', 'Premio Nobel de Literatura en 1990, poeta y ensayista.'),
('Carlos', 'Fuentes', '1928-11-11', 'Mexicano', 'Autor de La región más transparente, figura del boom latinoamericano.'),
('Elena', 'Poniatowska', '1932-05-19', 'Mexicana', 'Premio Cervantes 2013, autora de La noche de Tlatelolco.'),
('Juan', 'Rulfo', '1917-05-16', 'Mexicano', 'Autor de Pedro Páramo, obra cumbre de la literatura mexicana.'),
('Rosario', 'Castellanos', '1925-05-25', 'Mexicana', 'Poeta y novelista, autora de Balún Canán.'),
('Laura', 'Esquivel', '1950-09-30', 'Mexicana', 'Autora de Como agua para chocolate, bestseller internacional.'),
('Fernando', 'Vallejo', '1942-10-24', 'Colombiano', 'Autor de La virgen de los sicarios, polémico escritor.'),
('Álvaro', 'Mutis', '1923-08-25', 'Colombiano', 'Poeta y novelista, creador del personaje Maqroll el Gaviero.'),
('Clarice', 'Lispector', '1920-12-10', 'Brasileña', 'Autora de La hora de la estrella, destacada escritora modernista.');

-- Insertar datos en Editoriales
INSERT INTO Editoriales (nombre, pais, direccion, telefono, email) VALUES
('Alfaguara', 'España', 'Calle Torrelaguna 60, Madrid', '+34914362800', 'info@alfaguara.com'),
('Planeta', 'España', 'Avenida Diagonal 662-664, Barcelona', '+34934808088', 'contacto@planeta.es'),
('Fondo de Cultura Económica', 'México', 'Carretera Picacho-Ajusco 227, Ciudad de México', '+525544063900', 'informacion@fondodeculturaeconomica.com'),
('Seix Barral', 'España', 'Avenida Diagonal 662-664, Barcelona', '+34934808088', 'seixbarral@planeta.es'),
('Tusquets', 'España', 'Calle Provença 219, Barcelona', '+34932200662', 'tusquets@tusquetseditores.com'),
('Anagrama', 'España', 'Calle Pedró de la Creu 58, Barcelona', '+34934801133', 'info@anagrama-ed.es'),
('Debolsillo', 'España', 'Calle Torrelaguna 60, Madrid', '+34914362800', 'debolsillo@penguinrandomhouse.com'),
('Penguin Random House', 'Estados Unidos', '1745 Broadway, New York', '+12123665000', 'contact@penguinrandomhouse.com'),
('Siruela', 'España', 'Calle Santiago Rusiñol 8, Madrid', '+34915615980', 'siruela@siruela.com'),
('Ediciones Era', 'México', 'Avena 242, Ciudad de México', '+525555535661', 'era@edicionesera.com.mx'),
('Siglo XXI Editores', 'México', 'Cerro del Agua 248, Ciudad de México', '+525555500847', 'contacto@sigloxxieditores.com.mx'),
('Editorial Norma', 'Colombia', 'Carrera 68D 124-31, Bogotá', '+5714047944', 'servicioalcliente@carvajal.com'),
('Monte Ávila Editores', 'Venezuela', 'Avenida Luis Roche, Caracas', '+582122762711', 'monteavila@monteavila.gob.ve'),
('Editorial Universitaria', 'Chile', 'Alameda 1058, Santiago', '+56229781000', 'ventas@editorialuniversitaria.cl'),
('Editorial Sudamericana', 'Argentina', 'Humberto Primo 545, Buenos Aires', '+541143711100', 'info@sudamericana.com.ar');

-- Insertar datos en CategoriasLibros
INSERT INTO CategoriasLibros (nombre, descripcion) VALUES
('Literatura', 'Obras literarias de ficción y no ficción'),
('Novela', 'Obras narrativas de ficción'),
('Poesía', 'Obras en verso y poéticas'),
('Ensayo', 'Obras de análisis y reflexión'),
('Historia', 'Obras sobre eventos históricos'),
('Ciencia Ficción', 'Obras de ficción especulativa'),
('Fantasía', 'Obras de ficción con elementos mágicos'),
('Biografía', 'Relatos de la vida de personas reales'),
('Arte', 'Obras sobre arte y artistas'),
('Ciencia', 'Obras sobre temas científicos'),
('Filosofía', 'Obras sobre pensamiento filosófico'),
('Infantil', 'Obras dirigidas a niños'),
('Juvenil', 'Obras dirigidas a adolescentes'),
('Cocina', 'Obras sobre gastronomía y cocina'),
('Viajes', 'Obras sobre viajes y geografía');

-- Insertar datos en Libros
INSERT INTO Libros (isbn, titulo, subtitulo, editorial_id, anio_publicacion, idioma, paginas, descripcion, precio) VALUES
('9780307474728', 'Cien años de soledad', NULL, 1, 1967, 'Español', 471, 'La obra maestra del realismo mágico que narra la historia de la familia Buendía.', 25.99),
('9788420471839', 'La ciudad y los perros', NULL, 2, 1963, 'Español', 408, 'Primera novela de Vargas Llosa que retrata la vida en un colegio militar.', 22.50),
('9788401337208', 'La casa de los espíritus', NULL, 3, 1982, 'Español', 499, 'Novela que combina lo real con lo fantástico en una saga familiar.', 24.75),
('9788432216424', 'Rayuela', NULL, 4, 1963, 'Español', 736, 'Obra innovadora que puede leerse de múltiples formas.', 28.99),
('9788420638769', 'Veinte poemas de amor y una canción desesperada', NULL, 5, 1924, 'Español', 128, 'Uno de los libros de poesía más leídos en español.', 15.25),
('9788426413117', 'Ficciones', NULL, 6, 1944, 'Español', 224, 'Colección de cuentos que exploran temas universales.', 18.99),
('9786071609563', 'El laberinto de la soledad', NULL, 7, 1950, 'Español', 256, 'Ensayo sobre la identidad mexicana.', 20.50),
('9789681673012', 'La región más transparente', NULL, 8, 1958, 'Español', 480, 'Retrato de la Ciudad de México en los años 50.', 23.75),
('9786071119480', 'La noche de Tlatelolco', NULL, 9, 1971, 'Español', 336, 'Testimonio de la matanza estudiantil de 1968.', 21.99),
('9789685208051', 'Pedro Páramo', NULL, 10, 1955, 'Español', 144, 'Novela fundamental de la literatura mexicana.', 16.50),
('9786071621176', 'Balún Canán', NULL, 11, 1957, 'Español', 240, 'Novela sobre la infancia y la opresión indígena.', 19.25),
('9780307474636', 'Como agua para chocolate', NULL, 12, 1989, 'Español', 256, 'Novela que combina romance y recetas culinarias.', 22.99),
('9788433968769', 'La virgen de los sicarios', NULL, 13, 1994, 'Español', 160, 'Novela sobre la violencia en Medellín.', 17.75),
('9788420476469', 'La nieve del almirante', NULL, 14, 1986, 'Español', 192, 'Primera novela de las aventuras de Maqroll el Gaviero.', 20.99),
('9788432211375', 'La hora de la estrella', NULL, 15, 1977, 'Portugués', 96, 'Última novela de Lispector sobre una joven nordestina.', 14.50),
('9788420422145', 'Crónica de una muerte anunciada', NULL, 1, 1981, 'Español', 128, 'Novela basada en un hecho real de un crimen de honor.', 18.25),
('9788420476476', 'Conversación en La Catedral', NULL, 2, 1969, 'Español', 704, 'Novela que explora la corrupción en el Perú.', 26.99),
('9788408177919', 'Eva Luna', NULL, 3, 1987, 'Español', 320, 'Historia de una mujer con el don de contar historias.', 23.50),
('9788432216868', 'Bestiario', NULL, 4, 1951, 'Español', 192, 'Colección de cuentos fantásticos.', 17.99),
('9788420638783', 'Canto general', NULL, 5, 1950, 'Español', 560, 'Poemario épico sobre la historia de América.', 24.75);

-- Insertar datos en LibroAutores
INSERT INTO LibroAutores (libro_id, autor_id, rol) VALUES
(1, 1, 'Autor principal'),
(2, 2, 'Autor principal'),
(3, 3, 'Autor principal'),
(4, 4, 'Autor principal'),
(5, 5, 'Autor principal'),
(6, 6, 'Autor principal'),
(7, 7, 'Autor principal'),
(8, 8, 'Autor principal'),
(9, 9, 'Autor principal'),
(10, 10, 'Autor principal'),
(11, 11, 'Autor principal'),
(12, 12, 'Autor principal'),
(13, 13, 'Autor principal'),
(14, 14, 'Autor principal'),
(15, 15, 'Autor principal'),
(16, 1, 'Autor principal'),
(17, 2, 'Autor principal'),
(18, 3, 'Autor principal'),
(19, 4, 'Autor principal'),
(20, 5, 'Autor principal');

-- Insertar datos en LibroCategorias
INSERT INTO LibroCategorias (libro_id, categoria_id) VALUES
(1, 1), (1, 2),
(2, 1), (2, 2),
(3, 1), (3, 2),
(4, 1), (4, 2),
(5, 1), (5, 3),
(6, 1), (6, 2),
(7, 1), (7, 4),
(8, 1), (8, 2),
(9, 1), (9, 4),
(10, 1), (10, 2),
(11, 1), (11, 2),
(12, 1), (12, 2),
(13, 1), (13, 2),
(14, 1), (14, 2),
(15, 1), (15, 2),
(16, 1), (16, 2),
(17, 1), (17, 2),
(18, 1), (18, 2),
(19, 1), (19, 2),
(20, 1), (20, 3);

-- Insertar datos en Ejemplares
INSERT INTO Ejemplares (libro_id, codigo_barras, estado, ubicacion, notas) VALUES
(1, 'EJ001', 'Disponible', 'Estante A1', 'Primera edición'),
(1, 'EJ002', 'Disponible', 'Estante A1', 'Segunda edición'),
(1, 'EJ003', 'Prestado', 'Estante A1', 'Edición conmemorativa'),
(2, 'EJ004', 'Disponible', 'Estante B2', NULL),
(2, 'EJ005', 'En reparación', 'Estante B2', 'Páginas sueltas'),
(3, 'EJ006', 'Disponible', 'Estante C3', 'Edición especial'),
(3, 'EJ007', 'Disponible', 'Estante C3', NULL),
(4, 'EJ008', 'Disponible', 'Estante D4', 'Firma del autor'),
(4, 'EJ009', 'Extraviado', 'Estante D4', 'Reportado hace 2 meses'),
(5, 'EJ010', 'Disponible', 'Estante E5', NULL),
(5, 'EJ011', 'Disponible', 'Estante E5', 'Edición bilingüe'),
(6, 'EJ012', 'Prestado', 'Estante F6', NULL),
(6, 'EJ013', 'Disponible', 'Estante F6', 'Con ilustraciones'),
(7, 'EJ014', 'Disponible', 'Estante G7', NULL),
(7, 'EJ015', 'Reservado', 'Estante G7', 'Para clase de literatura'),
(8, 'EJ016', 'Disponible', 'Estante H8', 'Primera edición'),
(8, 'EJ017', 'Disponible', 'Estante H8', NULL),
(9, 'EJ018', 'Prestado', 'Estante I9', 'Edición revisada'),
(9, 'EJ019', 'Disponible', 'Estante I9', NULL),
(10, 'EJ020', 'Disponible', 'Estante J10', 'Con prólogo especial');

-- Insertar datos en Prestamos
INSERT INTO Prestamos (usuario_id, fecha_prestamo, fecha_devolucion_esperada, fecha_devolucion_real, estado, notas) VALUES
(1, '2023-01-10', '2023-01-24', '2023-01-23', 'Devuelto', NULL),
(2, '2023-01-15', '2023-01-29', '2023-01-30', 'Devuelto', 'Un día de retraso'),
(3, '2023-02-05', '2023-02-19', NULL, 'Activo', NULL),
(4, '2023-02-10', '2023-02-24', '2023-02-20', 'Devuelto', NULL),
(5, '2023-02-15', '2023-03-01', NULL, 'Retrasado', 'No devuelto a tiempo'),
(6, '2023-03-01', '2023-03-15', '2023-03-14', 'Devuelto', NULL),
(7, '2023-03-10', '2023-03-24', '2023-03-25', 'Devuelto', 'Un día de retraso'),
(8, '2023-03-15', '2023-03-29', NULL, 'Activo', NULL),
(9, '2023-04-01', '2023-04-15', '2023-04-16', 'Devuelto', 'Un día de retraso'),
(10, '2023-04-05', '2023-04-19', NULL, 'Retrasado', 'No devuelto a tiempo'),
(11, '2023-04-10', '2023-04-24', '2023-04-23', 'Devuelto', NULL),
(12, '2023-04-15', '2023-04-29', '2023-04-28', 'Devuelto', NULL);

-- Insertar datos en DetallePrestamos
INSERT INTO DetallePrestamos (prestamo_id, ejemplar_id) VALUES
(4, 6), (5, 1), (6, 13), (7, 7), (8, 2), (9, 19), (10, 4),
(12, 8), (1, 10), (2, 11), (3, 14), (5, 16), (6, 17), (7, 20);

	
-- Insertar datos en Reservas
INSERT INTO Reservas (usuario_id, libro_id, fecha_reserva, fecha_limite, estado) VALUES
(13, 1, '2023-01-05', '2023-01-12', 'Completada'),
(14, 2, '2023-01-12', '2023-01-19', 'Completada'),
(15, 3, '2023-02-01', '2023-02-08', 'Completada'),
(16, 4, '2023-02-08', '2023-02-15', 'Cancelada'),
(17, 5, '2023-02-15', '2023-02-22', 'Completada'),
(18, 6, '2023-03-01', '2023-03-08', 'Expirada'),
(19, 7, '2023-03-08', '2023-03-15', 'Completada'),
(20, 8, '2023-03-15', '2023-03-22', 'Pendiente'),
(21, 9, '2023-04-01', '2023-04-08', 'Completada'),
(22, 10, '2023-04-08', '2023-04-15', 'Cancelada'),
(23, 11, '2023-04-15', '2023-04-22', 'Completada'),
(24, 12, '2023-05-01', '2023-05-08', 'Expirada'),
(25, 13, '2023-05-08', '2023-05-15', 'Completada'),
(26, 14, '2023-05-15', '2023-05-22', 'Pendiente'),
(27, 15, '2023-06-01', '2023-06-08', 'Completada');

-- Insertar datos en Multas
INSERT INTO Multas (prestamo_id, monto, fecha_inicio, fecha_fin, pagada) VALUES
(2, 5.00, '2023-01-30', '2023-02-05', TRUE),
(5, 10.00, '2023-03-02', NULL, FALSE),
(7, 5.00, '2023-03-25', '2023-03-30', TRUE),
(9, 5.00, '2023-04-16', '2023-04-20', TRUE),
(10, 15.00, '2023-04-20', NULL, FALSE),
(12, 5.00, '2023-04-29', '2023-05-05', TRUE);

-- Insertar datos básicos en Comentarios
INSERT INTO Comentarios (usuario_id, libro_id, calificacion, comentario) VALUES
(1, 1, 5, 'Excelente libro, muy recomendado'),
(2, 2, 4, 'Buen libro, un poco complejo'),
(3, 3, 3, 'Regular, esperaba más'),
(4, 4, 5, 'Obra maestra, imprescindible'),
(5, 5, 4, 'Muy bueno, poesía de calidad'),
(6, 6, 2, 'No me gustó, difícil de entender'),
(7, 7, 3, 'Está bien, nada especial'),
(8, 8, 5, 'Fantástico, lo leería de nuevo'),
(9, 9, 1, 'Malo, no cumplió mis expectativas'),
(10, 10, 4, 'Muy bueno, lectura rápida'),
(11, 11, 3, 'Normal, ni bueno ni malo'),
(12, 12, 5, 'Increíble, me encantó'),
(13, 13, 2, 'No lo recomiendo'),
(14, 14, 4, 'Buen libro, interesante'),
(15, 15, 3, 'Ok, pasable');

-- La vista DisponibilidadLibros no necesita inserción de datos ya qur se actualiza automáticamente

-- Insertar datos en EventosBiblioteca
INSERT INTO EventosBiblioteca (titulo, descripcion, fecha_inicio, fecha_fin, ubicacion, aforo_maximo, organizador) VALUES
('Club de Lectura: Cien años de soledad', 'Discusión sobre la obra maestra de García Márquez', '2023-01-15 16:00:00', '2023-01-15 18:00:00', 'Sala de Conferencias', 30, 'Biblioteca Central'),
('Taller de Escritura Creativa', 'Taller práctico para mejorar técnicas de escritura', '2023-02-05 10:00:00', '2023-02-05 13:00:00', 'Aula 1', 20, 'Escritores Locales'),
('Presentación de Libro: Nuevas Voces', 'Presentación de antología de nuevos autores', '2023-02-20 18:00:00', '2023-02-20 20:00:00', 'Auditorio Principal', 100, 'Editorial Local'),
('Maratón de Poesía', 'Lectura continua de poesía latinoamericana', '2023-03-10 14:00:00', '2023-03-10 18:00:00', 'Jardín de la Biblioteca', 50, 'Círculo Poético'),
('Charla: Literatura y Sociedad', 'Análisis del papel de la literatura en la sociedad actual', '2023-03-25 17:00:00', '2023-03-25 19:00:00', 'Sala de Conferencias', 40, 'Departamento de Literatura'),
('Feria del Libro Usado', 'Venta e intercambio de libros de segunda mano', '2023-04-08 09:00:00', '2023-04-08 17:00:00', 'Patio Central', 200, 'Amigos de la Biblioteca'),
('Taller de Ilustración', 'Introducción a la ilustración de libros', '2023-04-22 11:00:00', '2023-04-22 14:00:00', 'Aula 2', 15, 'Ilustradores Profesionales'),
('Noche de Cuentos', 'Lectura de cuentos para adultos', '2023-05-06 19:00:00', '2023-05-06 22:00:00', 'Sala de Lectura', 35, 'Narradores Urbanos'),
('Encuentro con Autores', 'Diálogo con escritores locales', '2023-05-20 16:00:00', '2023-05-20 18:00:00', 'Auditorio Principal', 80, 'Asociación de Escritores'),
('Celebración del Día del Libro', 'Actividades diversas para celebrar el día internacional del libro', '2023-04-23 10:00:00', '2023-04-23 20:00:00', 'Todas las instalaciones', 300, 'Biblioteca Central'),
('Taller de Booktubers', 'Cómo crear reseñas literarias en video', '2023-06-03 15:00:00', '2023-06-03 17:00:00', 'Sala Multimedia', 25, 'Booktubers Expertos'),
('Charla: Cómo Publicar tu Libro', 'Guía para autores noveles', '2023-06-17 18:00:00', '2023-06-17 20:00:00', 'Sala de Conferencias', 40, 'Editorial Invitada'),
('Lectura Dramatizada', 'Obra de teatro basada en literatura clásica', '2023-07-01 19:00:00', '2023-07-01 21:00:00', 'Auditorio Principal', 120, 'Grupo Teatral'),
('Exposición: Libros Antiguos', 'Muestra de libros históricos de la colección', '2023-07-15 09:00:00', '2023-07-15 17:00:00', 'Sala de Exposiciones', 60, 'Archivo Histórico'),
('Cine Literario', 'Proyección de películas basadas en libros', '2023-08-05 16:00:00', '2023-08-05 21:00:00', 'Sala Audiovisual', 50, 'Cineclub Literario');

-- Insertar datos en ParticipacionEventos
INSERT INTO ParticipacionEventos (usuario_id, evento_id, asistio) VALUES
(1, 1, TRUE), (2, 1, TRUE), (3, 1, FALSE),
(4, 2, TRUE), (5, 2, TRUE), (6, 2, TRUE),
(7, 3, TRUE), (8, 3, FALSE), (9, 3, TRUE),
(10, 4, TRUE), (11, 4, TRUE), (12, 4, FALSE),
(13, 5, TRUE), (14, 5, TRUE), (15, 5, TRUE),
(16, 6, TRUE), (17, 6, FALSE), (18, 6, TRUE),
(19, 7, TRUE), (20, 7, TRUE), (21, 7, TRUE),
(22, 8, FALSE), (23, 8, TRUE), (24, 8, TRUE),
(25, 9, TRUE), (26, 9, TRUE), (27, 9, FALSE),
(28, 10, TRUE), (29, 10, TRUE), (30, 10, TRUE),
(31, 11, TRUE), (32, 11, FALSE), (33, 11, TRUE),
(34, 12, TRUE), (35, 12, TRUE), (36, 12, TRUE),
(37, 13, FALSE), (38, 13, TRUE), (39, 13, TRUE),
(40, 14, TRUE), (41, 14, TRUE), (42, 14, FALSE),
(43, 15, TRUE), (44, 15, TRUE), (45, 15, TRUE);

